番号,国旗,中国語の名言・格言,ピンイン,人物名・出典,日本語の解説
1,🇨🇳,授人以鱼不如授人以渔,shòu rén yǐ yú bù rú shòu rén yǐ yú,老子,人に魚を与えるより、魚の釣り方を教える方がよい。知識やスキルの習得の重要性を説く言葉。
2,🇨🇳,学如登山,xué rú dēng shān,中国のことわざ,学ぶことは山に登るようなものだ。険しい道のりだが、頂上からの景色は素晴らしい。
3,🇨🇳,念念不忘,niàn niàn bù wàng,中国のことわざ,常に心に留めて忘れないこと。学習したことを反復し、記憶に定着させる重要性を示す。
4,🇨🇳,三人行，必有我师,sān rén xíng ， bì yǒu wǒ shī,孔子,三人で行動すれば、必ずその中に自分の師となる人がいる。誰からでも学ぶべき点があるという教え。
5,🇨🇳,师傅领进门，修行在个人,shī fù lǐng jìn mén ， xiū xíng zài gè rén,中国のことわざ,師匠は門まで導いてくれるが、そこから先の修行は自分次第である。自発的な学習の重要性を説く。
6,🇨🇳,活到老，学到老,huó dào lǎo ， xué dào lǎo,中国のことわざ,老いるまで生き、老いるまで学ぶ。生涯学習の精神を表す言葉。
7,🇨🇳,严师出高徒,yán shī chū gāo tú,中国のことわざ,厳しい師匠からは優れた弟子が育つ。厳格な指導と学習の重要性を示す。
8,🇨🇳,读万卷书不如行万里路,dú wàn juàn shū bù rú xíng wàn lǐ lù,董其昌（明代の書画家）,万巻の書を読むより、万里の道を歩く方がよい。実践的な経験や見聞を広めることの重要性を説く。
9,🇨🇳,学无止境,xué wú zhǐ jìng,中国のことわざ,学問に終わりはない。常に新しい知識を求め続けるべきだという教え。
10,🇨🇳,学然后知不足,xué rán hòu zhī bù zú,『礼記』,学んで初めて自分の知識の不足を知る。学習を進めることで謙虚になり、さらなる探求心を生む。
11,🇨🇳,教学相长,jiào xué xiāng zhǎng,『礼記』,教えることと学ぶことは互いに成長を促す。人に教えることで自分自身の理解も深まる。
12,🇨🇳,温故而知新,wēn gù ér zhī xīn,孔子,過去の知識や経験を復習し、そこから新しい知識や見解を得ること。
13,🇨🇳,玉不琢，不成器,yù bù zuó ， bù chéng qì,『礼記』,玉も磨かなければ器にならない。人も教育や学習を通じて初めて立派な人物になる。
14,🇨🇳,学如逆水行舟，不进则退,xué rú nì shuǐ xíng zhōu ， bù jìn zé tuì,中国のことわざ,学ぶことは流れに逆らって船を進めるようなもので、前進しなければ後退してしまう。継続的な学習の必要性を説く。
15,🇨🇳,书山有路勤为径，学海无涯苦作舟,shū shān yǒu lù qín wèi jìng ， xué hǎi wú yá kǔ zuò zhōu,韓愈（唐代の文学者）,書物の山に道はあるが勤勉さがその小道であり、学問の海に果てはないが苦労がその舟である。
16,🇨🇳,知之者不如好之者，好之者不如乐之者,zhī zhī zhě bù rú hǎo zhī zhě ， hǎo zhī zhě bù rú lè zhī zhě,孔子,これを知る者はこれを好む者に如かず、これを好む者はこれを楽しむ者に如かず。学習を楽しむことが最高の上達法。
17,🇨🇳,学而不思则罔，思而不学则殆,xué ér bù sī zé wǎng ， sī ér bù xué zé dài,孔子,学んで思わざれば則ち罔し、思うて学ばざれば則ち殆し。知識と思考の両方が不可欠である。
18,🇨🇳,吾十有五而志于学,wú shí yǒu wǔ ér zhì yú xué,孔子,十五にして学に志す。若い頃から学問に目標を持ち、努力を始めること。
19,🇨🇳,三十而立,sān shí ér lì,孔子,三十にして立つ。学問によって自立し、自分の考えを確立すること。
20,🇨🇳,四十而不惑,sì shí ér bù huò,孔子,四十にして惑わず。道理を理解し、迷うことなく学習や人生を進めること。
21,🇨🇳,五十而知天命,wǔ shí ér zhī tiān mìng,孔子,五十にして天命を知る。自分の使命や役割を理解し、それに沿って学び生きること。
22,🇨🇳,有教无类,yǒu jiào wú lèi,孔子,教えありて類なし。教育は誰にでも平等に与えられるべきであり、学ぶ意欲があれば誰でも成長できる。
23,🇨🇳,知之为知之，不知为不知，是知也,zhī zhī wéi zhī zhī ， bù zhī wèi bù zhī ， shì zhī yě,孔子,知っていることは知っているとし、知らないことは知らないとする。それが本当の知るということだ。
24,🇨🇳,三军可夺帅也，匹夫不可夺志也,sān jūn kě duó shuài yě ， pǐ fū bù kě duó zhì yě,孔子,大軍の将軍は奪うことができるが、一人の男の志は奪うことができない。学習に対する強い信念を持つこと。
25,🇨🇳,过而不改，是谓过矣,guò ér bù gǎi ， shì wèi guò yǐ,孔子,過ちて改めざる、これを過ちという。学習での間違いを素直に認め、修正することの重要性。
26,🇨🇳,欲速则不达,yù sù zé bù dá,孔子,急がば回れ。焦って結果を求めるとかえって失敗する。基礎から着実に学ぶことの重要性。
27,🇨🇳,过犹不及,guò yóu bù jí,孔子,過ぎたるは及ばざるが如し。学習においても無理をしすぎず、適度なペースを保つこと。
28,🇨🇳,君子和而不同，小人同而不和,jūn zǐ hé ér bù tóng ， xiǎo rén tóng ér bù hé,孔子,優れた人は協調するが同調はしない。自分の主体性を持ちながら、他者から学ぶ姿勢。
29,🇨🇳,有朋自远方来 不亦乐乎,yǒu péng zì yuǎn fāng lái   bù yì lè hū,孔子,友が遠方から訪ねてくるのは楽しいことだ。共に学ぶ仲間との交流の喜びを表す。
30,🇨🇳,譬如为山，未成一篑，止吾止也,pì rú wèi shān ， wèi chéng yī kuì ， zhǐ wú zhǐ yě,孔子,山を作るようなもので、最後の一杯の土を盛らずにやめるのは自分の責任だ。学習を途中で投げ出さないことの重要性。
31,🇨🇳,内省不疚，夫何忧何惧,nèi xǐng bù jiù ， fū hé yōu hé jù,孔子,心にやましいところがなければ、何を憂い恐れることがあろうか。自信を持って学習の成果を発揮すること。
32,🇨🇳,巧言令色，鲜矣仁,qiǎo yán lìng sè ， xiān yǐ rén,孔子,言葉巧みで表情を取り繕う者には、思いやりが少ない。表面的な知識だけでなく、本質を深く学ぶことの重要性。
33,🇨🇳,千里之行，始于足下,qiān lǐ zhī xíng ， shǐ yú zú xià,老子,千里の道も一歩から。膨大な単語学習も、まずは一つの単語を覚えることから始まる。
34,🇨🇳,大智若愚,dà zhì ruò yú,老子,大智は愚なるが如し。本当に賢い人は知識をひけらかさない。深く学び、内面を磨くこと。
35,🇨🇳,知人者智，自知者明,zhī rén zhě zhì ， zì zhī zhě míng,老子,他者を知る者は智恵があり、自分を知る者は賢明である。自分の学習の弱点を把握することの重要性。
36,🇨🇳,青出于蓝而胜于蓝,qīng chū yú lán ér shèng yú lán,荀子,青は藍より出でて藍より青し。弟子が師匠を超えること。学習を重ねて教えられた以上の実力を身につけること。
37,🇨🇳,聪明出于勤奋，天才在于积累,cōng míng chū yú qín fèn ， tiān cái zài yú jī lěi,華羅庚（中国の数学者）,賢さは勤勉から生まれ、天才は積み重ねから生まれる。日々の単語学習や努力の蓄積が重要であるという教え。
38,🇨🇳,必须敢于正视，这才可望敢想、敢说、敢做、敢当,bì xū gǎn yú zhèng shì ， zhè cái kě wàng gǎn xiǎng 、 gǎn shuō 、 gǎn zuò 、 gǎn dāng,魯迅（近代中国の文学者）,物事を直視する勇気があってこそ、考え、語り、行動し、責任を持つことができる。学習における積極的な姿勢を促す。
39,🇨🇳,事实胜于雄辩,shì shí shèng yú xióng biàn,魯迅,事実は雄弁に勝る。言葉で語るよりも、実際の学習成果や行動で示すことの重要性。
40,🇨🇳,鞠躬尽瘁,jū gōng jìn cuì,諸葛亮（三国時代の政治家・軍師）,全力を尽くして任務を遂行する。学習に対しても全身全霊で取り組む姿勢。
41,🇨🇳,悬梁刺骨,xuán liáng cì gǔ,中国のことわざ,髪を梁に結び、錐で股を刺して眠気を覚まし勉強する。非常に熱心に学習に取り組むことの例え。
42,🇨🇳,凿壁偷光,záo bì tōu guāng,中国のことわざ,壁に穴を開けて隣の家の光を盗んで本を読む。貧しい環境でも工夫して熱心に学ぶ姿勢。
43,🇨🇳,学以致用,xué yǐ zhì yòng,中国のことわざ,学んだことを実践に生かす。単語や文法を覚えるだけでなく、実際に使ってみることの重要性。
44,🇨🇳,道山学海,dào shān xué hǎi,中国のことわざ,学問の道は山のように高く、海のように広い。学ぶべき知識は無限にあるという教え。
45,🇨🇳,一寸光阴一寸金，寸金难买寸光阴,yī cùn guāng yīn yī cùn jīn ， cùn jīn nán mǎi cùn guāng yīn,中国のことわざ,一寸の光陰は一寸の金、一寸の金でも一寸の光陰は買えない。学習に使える時間を無駄にせず、大切にすること。
46,🇨🇳,光阴似箭,guāng yīn sì jiàn,中国のことわざ,光陰矢の如し。時間はあっという間に過ぎ去るので、学習の時間を大切にすべきだという戒め。
47,🇨🇳,书到用时方恨少,shū dào yòng shí fāng hèn shǎo,中国のことわざ,本は使う時になって初めて少ないことを悔やむ。いざという時に知識が足りなくて困らないよう、日頃から幅広く学習しておくこと。
48,🇨🇳,读书须用意，一字值千金,dú shū xū yòng yì ， yī zì zhí qiān jīn,中国のことわざ,読書には心を注ぐ必要があり、一字には千金の価値がある。単語一つ一つの意味やニュアンスを丁寧に学ぶことの重要性。
49,🇨🇳,好记性不如烂笔头,hǎo jì xìng bù rú làn bǐ tóu,中国のことわざ,良い記憶力も、使い古した筆先には及ばない。単語や文法は、頭で覚えるだけでなく実際に書いて覚えることの重要性。
50,🇨🇳,书是随时携带的花园,shū shì suí shí xié dài de huā yuán,中国のことわざ,本はいつでも持ち歩ける庭園である。読書や学習が人生に豊かさをもたらすことの例え。
51,🇨🇳,好书如挚友,hǎo shū rú zhì yǒu,中国のことわざ,良い本は親友のようである。良質な学習書や教材との出会いを大切にすること。
52,🇨🇳,花有重开日，人无再少年,huā yǒu zhòng kāi rì ， rén wú zài shào nián,中国のことわざ,花は再び咲く日があるが、人に再び少年時代は来ない。若いうちに集中して学習に取り組むべきだという戒め。
53,🇨🇳,为时不晚,wéi shí bù wǎn,中国のことわざ,遅すぎることはない。いつから学習を始めても、決して遅くはないという励まし。
54,🇨🇳,只要功夫深，铁杵磨成针,zhǐ yào gōng fu shēn ， tiě chǔ mó chéng zhēn,中国のことわざ,努力が深ければ、鉄の棒も削って針にできる。どんなに難しい単語や文法でも、継続すれば必ず習得できる。
55,🇨🇳,水滴石穿，绳锯木断,shuǐ dī shí chuān ， shéng jù mù duàn,中国のことわざ,水滴は石を穿ち、縄の鋸は木を断つ。小さな学習の積み重ねが、最終的に大きな成果を生む。
56,🇨🇳,冰冻三尺，非一日之寒,bīng dòng sān chǐ ， fēi yī rì zhī hán,中国のことわざ,氷の厚さが三尺になるのは、一日の寒さによるものではない。語学の習得には長期間の継続的な努力が必要である。
57,🇨🇳,"百尺竿头, 更进一步","bǎi chǐ gān tóu ,  gèng jìn yí bù",中国のことわざ,百尺竿頭に一歩を進む。すでに優れた成績を収めていても、さらに向上を目指して努力すること。
58,🇨🇳,失败是成功之母,shī bài shì chéng gōng zhī mǔ,中国のことわざ,失敗は成功の母。学習での間違いは、上達のための重要なステップである。
59,🇨🇳,吃一堑，长一智,chī yī qiàn ， zhǎng yī zhì,中国のことわざ,一度つまずけば、一つ知恵がつく。学習での失敗や間違いから学び、成長すること。
60,🇨🇳,逆境出人才,nì jìng chū rén cái,中国のことわざ,逆境が人材を生み出す。難しい課題や厳しい環境での学習が、真の実力を育てる。
61,🇨🇳,守得云开见月明,shǒu dé yún kāi jiàn yuè míng,中国のことわざ,雲が晴れて月明かりが見えるのを待つ。困難な学習を耐え抜けば、必ず理解できる瞬間が訪れる。
62,🇨🇳,否极泰来,pǐ jí tài lái,中国のことわざ,悪運が極まれば幸運がやってくる。学習の停滞期（スランプ）を乗り越えれば、必ず成長が実感できる時が来る。
63,🇨🇳,不能一口吃成胖子,bù néng yī kǒu chī chéng pàng zi,中国のことわざ,一口で太ることはできない。語学学習は一朝一夕にはいかないため、焦らず少しずつ進めるべきだという教え。
64,🇨🇳,万事开头难,wàn shì kāi tóu nán,中国のことわざ,何事も始めが難しい。学習の初期段階の困難を乗り越えれば、後はスムーズに進むという励まし。
65,🇨🇳,一日之计在于晨,yī rì zhī jì zài yú chén,中国のことわざ,一日の計は朝にあり。朝の時間を有効に使って学習することの重要性。
66,🇨🇳,趁热打铁,chèn rè dǎ tiě,中国のことわざ,鉄は熱いうちに打て。記憶が新しいうちに復習し、知識を定着させることの重要性。
67,🇨🇳,有备无患,yǒu bèi wú huàn,『書経』,備えあれば憂いなし。事前の準備や予習が学習において重要であることを示す。
68,🇨🇳,一年之计在于春,yī nián zhī jì zài yú chūn,中国のことわざ,一年の計は春にあり。物事は最初が肝心であり、学習計画をしっかり立てることの重要性。
69,🇨🇳,捷足先登,jié zú xiān dēng,『史記』,先んずれば人を制す。早く行動を起こし、学習を始めることで有利な立場に立てる。
70,🇨🇳,机不可失，时不再来,jī bù kě shī ， shí bù zài lái,中国のことわざ,機会は逃してはならず、時は二度と来ない。学習のチャンスを逃さず、今すぐ始めることの重要性。
71,🇨🇳,背水一战,bèi shuǐ yī zhàn,韓信（漢代の武将）,背水の陣。退路を断って決死の覚悟で物事（学習）に取り組むこと。
72,🇨🇳,星星之火，可以燎原,xīng xīng zhī huǒ ， kě yǐ liáo yuán,毛沢東,星のような小さな火でも、広大な野原を焼き尽くすことができる。小さな学習のきっかけが、大きな知識の体系へと発展する。
73,🇨🇳,逐二兔，不得一兔,zhú èr tù ， bù dé yī tù,中国のことわざ,二兎を追う者は一兎をも得ず。一度に多くのことを学ぼうとせず、一つずつ集中して取り組むべきだという教え。
74,🇨🇳,随机应变,suí jī yìng biàn,中国のことわざ,臨機応変。状況に応じて柔軟に対応し、学習方法を工夫すること。
75,🇨🇳,如果把才华比作剑，那么勤奋就是磨刀石,rú guǒ bǎ cái huá bǐ zuò jiàn ， nà me qín fèn jiù shì mó dāo shí,中国のことわざ,才能を剣に例えるなら、勤勉さは砥石である。才能があっても、日々の学習（研鑽）が不可欠であるという教え。
76,🇨🇳,十年树木，百年树人,shí nián shù mù ， bǎi nián shù rén,管仲（春秋時代の政治家）,木を育てるには十年かかるが、人を育てるには百年かかる。人の教育や学習は長い時間と継続的な努力を要する。
77,🇨🇳,无规矩不成方圆,wú guī jǔ bù chéng fāng yuán,孟子,規矩（ルール）なくして方円（秩序）は成らない。学習においても基本的なルールや規律を守ることの重要性。
78,🇨🇳,三思而后行,sān sī ér hòu xíng,孔子,三度考えてから行動する。学習においても、よく考えてから取り組むことの重要性。
79,🇨🇳,顾左右而言他,gù zuǒ yòu ér yán tā,孟子,左右を見て別の話をする。分からないことをごまかさず、正面から学習に向き合うべきだという戒め。
80,🇨🇳,当局者迷，旁观者清,dāng jú zhě mí ， páng guān zhě qīng,『旧唐書』,当事者は迷いやすく、傍観者は状況がよく見える。客観的に自分の学習方法を見直すことの重要性。
81,🇨🇳,惩前毖后,chéng qián bì hòu,『詩経』,前の失敗を懲りて、後の失敗を防ぐ。学習でのミスを分析し、次に生かすこと。
82,🇨🇳,路遥知马力，日久见人心,lù yáo zhī mǎ lì ， rì jiǔ jiàn rén xīn,中国のことわざ,道が遠くて初めて馬の力が分かり、日が経って初めて人の心が分かる。長期間の学習を通じて真の実力が身につく。
83,🇨🇳,听君一席话，胜读十年书,tīng jūn yī xí huà ， shèng dú shí nián shū,中国のことわざ,君の一席の話を聞くことは、十年の読書に勝る。優れた指導者や経験者からの直接の教えの価値。
84,🇨🇳,近水知鱼性，近山识鸟音,jìn shuǐ zhī yú xìng ， jìn shān shí niǎo yīn,『増広賢文』,水に近づけば魚の性質を知り、山に近づけば鳥の音を識る。その言語が話される環境や文化に触れることが、学習の近道。
85,🇨🇳,入乡随俗,rù xiāng suí sú,中国のことわざ,郷に入っては郷に従う。外国語を学ぶ際は、その国の文化や習慣も受け入れることの重要性。
86,🇨🇳,君子之交淡如水,jūn zǐ zhī jiāo dàn rú shuǐ,『荘子』,君子の交わりは淡きこと水の如し。学習仲間とは、互いに高め合うさっぱりとした良い関係を築くこと。
87,🇨🇳,行要好伴，住要好邻,xíng yào hǎo bàn ， zhù yào hǎo lín,中国のことわざ,旅には良い道連れ、住むには良い隣人が必要。学習においても良い仲間や環境が重要であることを示す。
88,🇨🇳,人心齐，泰山移,rén xīn qí ， tài shān yí,中国のことわざ,人々の心が一つになれば、泰山をも動かせる。仲間と協力して学習することの大きな力。
89,🇨🇳,种瓜得瓜，种豆得豆,zhòng guā dé guā ， zhòng dòu dé dòu,中国のことわざ,瓜の種をまけば瓜がなり、豆の種をまけば豆がなる。努力した分だけ結果が得られるという因果応報の教え。
90,🇨🇳,一步一个脚印,yī bù yī gè jiǎo yìn,中国のことわざ,一歩一歩足跡を残す。着実に学習を進め、確かな実力を身につけること。
91,🇨🇳,大处着眼，小处着手,dà chù zhuó yǎn ， xiǎo chù zhuó shǒu,中国のことわざ,大きな目標を見据えつつ、小さなことから着手する。語学の習得という大きな目標を持ちながら、日々の単語学習をコツコツ行うこと。
92,🇨🇳,身体力行,shēn tǐ lì xíng,『淮南子』,自ら実践する。学んだ知識を実際に使って行動することの重要性。
93,🇨🇳,难得糊涂,nán dé hú tú,鄭板橋（清代の書家・画家）,糊塗なるは得難し。時には細かいことにこだわりすぎず、大局的に学習を進めることも大切である。
94,🇨🇳,塞翁失马，焉知非福,sài wēng shī mǎ ， yān zhī fēi fú,『淮南子』,人間万事塞翁が馬。試験の不合格など一見悪い出来事も、後の学習のモチベーションなど良い結果につながるかもしれない。
95,🇨🇳,人无完人，金无足赤,rén wú wán rén ， jīn wú zú chì,中国のことわざ,完璧な人間はおらず、純度100%の金もない。学習において完璧を求めすぎず、間違いを恐れないこと。
96,🇨🇳,书山有路勤为径,shū shān yǒu lù qín wèi jìng,韓愈,書物の山に道はあるが、勤勉さがその道である。どんなに難しい内容も、勤勉に取り組めば必ず道が開ける。
97,🇨🇳,三更灯火五更鸡,sān gēng dēng huǒ wǔ gēng jī,顔真卿（唐代の書家）,夜中の三更に灯をともし、夜明けの五更に鶏が鳴く。夜遅くまで、また早朝から学習に励む姿勢。
98,🇨🇳,宝剑锋从磨砺出，梅花香自苦寒来,bǎo jiàn fēng cóng mó lì chū ， méi huā xiāng zì kǔ hán lái,中国のことわざ,宝剣の鋭さは研磨から生まれ、梅の花の香りは厳しい寒さから生まれる。苦しい学習の先に、美しい成果が待っている。
99,🇨🇳,不积跬步，无以至千里,bù jī kuǐ bù ， wú yǐ zhì qiān lǐ,荀子,小さな一歩を積み重ねなければ、千里の道には到達できない。毎日の単語学習の積み重ねが語学力を作る。
100,🇨🇳,锲而不舍，金石可镂,qiè ér bù shě ， jīn shí kě lòu,荀子,刻み続ければ、金属や石にも彫ることができる。諦めずに学習を続ければ、どんな難しい言語も習得できる。
101,🇺🇸,天才是百分之一的灵感加百分之九十九的汗水,tiān cái shì bǎi fēn zhī yī de líng gǎn jiā bǎi fēn zhī jiǔ shí jiǔ de hàn shuǐ,トーマス・エジソン（Thomas Edison）米・発明家,天才は1%のひらめきと99%の努力。単語学習も日々の地道な努力が最も重要であるという教え。
102,🇬🇧,知识就是力量,zhī shí jiù shì lì liàng,フランシス・ベーコン（Francis Bacon）英・哲学者,知は力なり。語学の知識を身につけることで、世界を広げ、自分の可能性を広げることができる。
103,🇩🇪,我并没有什么特殊的才能，我只是充满着强烈的好奇心,wǒ bìng méi yǒu shén me tè shū de cái néng ， wǒ zhǐ shì chōng mǎn zhe qiáng liè de hào qí xīn,アルベルト・アインシュタイン（Albert Einstein）独・物理学者,私には特別な才能はない。ただ、ものすごく好奇心が強いだけだ。新しい言語や単語に対する好奇心が学習の原動力になる。
104,🇩🇪,不要把学习看成是任务，而是一个令人羡慕的机会,bú yào bǎ xué xí kàn chéng shì rèn wù ， ér shì yí gè lìng rén xiàn mù de jī huì,アルベルト・アインシュタイン（Albert Einstein）独・物理学者,学習を義務と考えるのではなく、羨むべき機会と捉えなさい。前向きな姿勢で学習に取り組むことの重要性。
105,🇩🇪,成功=艰苦的劳动+正确的方法+少谈空话,chéng gōng = jiān kǔ de láo dòng + zhèng què de fāng fǎ + shǎo tán kōng huà,アルベルト・アインシュタイン（Albert Einstein）独・物理学者,成功＝厳しい労働＋正しい方法＋無駄話をしないこと。語学学習にも正しいメソッドと継続的な努力が必要である。
106,🇬🇧,如果我看得更远，那是因为我站在巨人的肩膀上,rú guǒ wǒ kàn dé gèng yuǎn ， nà shì yīn wèi wǒ zhàn zài jù rén de jiān bǎng shàng,アイザック・ニュートン（Isaac Newton）英・物理学者,私が遠くを見ることができたのは、巨人たちの肩に乗っていたからだ。先人たちが築いた文法や辞書を活用して学ぶことの意義。
107,🇬🇧,真理的大海，让未发现的一切事物躺卧在我的眼前，任我去探寻,zhēn lǐ de dà hǎi ， ràng wèi fā xiàn de yī qiè shì wù tǎng wò zài wǒ de yǎn qián ， rèn wǒ qù tàn xún,アイザック・ニュートン（Isaac Newton）英・物理学者,真理の大海は、未発見のすべてを私の目の前に横たわらせ、探求を待っている。未知の単語や表現を探求する楽しさ。
108,🇺🇸,学习另一种语言不仅是学会用另一种文字去表达一个意思，而是用另一种思维方式去思考事情,xué xí lìng yī zhǒng yǔ yán bù jǐn shì xué huì yòng lìng yī zhǒng wén zì qù biǎo dá yí gè yì si ， ér shì yòng lìng yī zhǒng sī wéi fāng shì qù sī kǎo shì qíng,フローラ・ルイス（Flora Lewis）米・ジャーナリスト,別の言語を学ぶことは、同じ物事を別の言葉で表現することではなく、別の思考法を学ぶことである。
109,🇮🇹,每种不同的语言都是一种不同的生活视角,měi zhǒng bù tóng de yǔ yán dōu shì yī zhǒng bù tóng de shēng huó shì jiǎo,フェデリコ・フェリーニ（Federico Fellini）伊・映画監督,異なる言語は、それぞれ異なる人生の視点である。言語を学ぶことで新しい世界の見方を獲得できる。
110,🇯🇵,学习另一种语言就像变成另一个人,xué xí lìng yī zhǒng yǔ yán jiù xiàng biàn chéng lìng yí gè rén,村上春樹（Haruki Murakami）日・小説家,別の言語を学ぶことは、別の人間になるようなものだ。新しい言語を話すときの新しい自分を楽しむこと。
111,🇬🇧,只要你学会各种语言，在哪里都像是在家里,zhǐ yào nǐ xué huì gè zhǒng yǔ yán ， zài nǎ li dōu xiàng shì zài jiā lǐ,エドマンド・デ・ワール（Edmund de Waal）英・陶芸家・作家,言語を学べば、どこにいても自分の家にいるように感じられる。語学がもたらす安心感と自由。
112,🇬🇧,一种语言限定了你的发展方向，两种语言就在沿途为你打开每一扇门,yī zhǒng yǔ yán xiàn dìng le nǐ de fā zhǎn fāng xiàng ， liǎng zhǒng yǔ yán jiù zài yán tú wèi nǐ dǎ kāi měi yī shàn mén,フランク・スミス（Frank Smith）英・言語学者,一つの言語は人生の廊下を定めるが、二つの言語はその道中のすべての扉を開いてくれる。
113,🇬🇧,你永远没有办法彻底的明白一门语言，直到你至少学会了第二种语言,nǐ yǒng yuǎn méi yǒu bàn fǎ chè dǐ de míng bái yī mén yǔ yán ， zhí dào nǐ zhì shǎo xué huì le dì èr zhǒng yǔ yán,ジェフリー・ウィランズ（Geoffrey Willans）英・作家,少なくとも第二言語を学ぶまでは、一つの言語を完全に理解することはできない。母語の理解も深まるという教え。
114,🇦🇹,语言对我的束缚就是语言对我的世界的束缚,yǔ yán duì wǒ de shù fù jiù shì yǔ yán duì wǒ de shì jiè de shù fù,ルートヴィヒ・ウィトゲンシュタイン（Ludwig Wittgenstein）墺・哲学者,私の言語の限界は、私の世界の限界を意味する。語彙を増やすことで、自分の世界を広げることができる。
115,🇺🇸,语言就是一个文化的指路标，它告诉你人从哪里来，他们又要去哪里,yǔ yán jiù shì yí gè wén huà de zhǐ lù biāo ， tā gào sù nǐ rén cóng nǎ lǐ lái ， tā men yòu yào qù nǎ lǐ,リタ・メイ・ブラウン（Rita Mae Brown）米・作家,言語は文化の道標である。単語の背景にある文化や歴史を学ぶことの重要性。
116,🇩🇪,那些不懂得外语的人也并不了解他们自己,nà xiē bù dǒng de wài yǔ de rén yě bìng bù liǎo jiě tā men zì jǐ,ヨハン・ヴォルフガング・フォン・ゲーテ（Johann Wolfgang von Goethe）独・文豪,外国語を知らない者は、自分自身のことも知らない。他言語との比較によって自己理解が深まる。
117,🇿🇦,如果你跟一个人用他听得懂的语言说一件事，那这件事就听进他的头脑里，但是如果你用他的语言说一件事，那就被听进他的心里,rú guǒ nǐ gēn yí gè rén yòng tā tīng de dǒng de yǔ yán shuō yī jiàn shì ， nà zhè jiàn shì jiù tīng jìn tā de tóu nǎo lǐ ， dàn shì rú guǒ nǐ yòng tā de yǔ yán shuō yī jiàn shì ， nà jiù bèi tīng jìn tā de xīn lǐ,ネルソン・マンデラ（Nelson Mandela）南ア・政治家,相手が理解できる言語で話しかければ頭に届き、相手の母語で話しかければ心に届く。語学学習の究極の目的。
118,🇫🇷,学会另一种语言就像是拥有另一个灵魂,xué huì lìng yī zhǒng yǔ yán jiù xiàng shì yōng yǒu lìng yí gè líng hún,カール大帝（Charlemagne）仏・神聖ローマ皇帝,別の言語を学ぶことは、もう一つの魂を持つようなものだ。言語習得による精神的な豊かさ。
119,🇨🇿,你懂得越多的语言，你就越能成为一个完整的人,nǐ dǒng de yuè duō de yǔ yán ， nǐ jiù yuè néng chéng wéi yí gè wán zhěng de rén,トマーシュ・マサリク（Tomáš Garrigue Masaryk）チェコ・政治家,知っている言語が多ければ多いほど、より完全な人間になれる。多言語学習の価値。
120,🇬🇧,语言的知识就是通往智慧的大门,yǔ yán de zhī shí jiù shì tōng wǎng zhì huì de dà mén,ロジャー・ベーコン（Roger Bacon）英・哲学者・科学者,言語の知識は知恵への扉である。単語学習がすべての学問の基礎となること。
121,🇩🇪,教育是在一个人忘记了他在学校里学到的一切之后剩下的东西,jiào yù shì zài yí gè rén wàng jì le tā zài xué xiào lǐ xué dào de yī qiè zhī hòu shèng xià de dōng xī,アルベルト・アインシュタイン（Albert Einstein）独・物理学者,教育とは、学校で学んだことをすべて忘れた後に残るものである。詰め込みではなく、本質的な学習の重要性。
122,🇩🇪,重要的是不要停止提问。好奇心有其存在的理由,zhòng yào de shì bú yào tíng zhǐ tí wèn 。 hào qí xīn yǒu qí cún zài de lǐ yóu,アルベルト・アインシュタイン（Albert Einstein）独・物理学者,大切なのは疑問を持ち続けることだ。好奇心には存在する理由がある。分からない単語を常に調べる姿勢。
123,🇺🇸,我没有失败。我只是找到了一万种行不通的方法,wǒ méi yǒu shī bài 。 wǒ zhǐ shì zhǎo dào le yī wàn zhǒng xíng bù tōng de fāng fǎ,トーマス・エジソン（Thomas Edison）米・発明家,私は失敗したことがない。ただ、うまくいかない方法を1万通り見つけただけだ。学習での間違いを恐れないこと。
124,🇬🇧,读书给人以快乐、给人以光彩、给人以才干,dú shū gěi rén yǐ kuài lè 、 gěi rén yǐ guāng cǎi 、 gěi rén yǐ cái gàn,フランシス・ベーコン（Francis Bacon）英・哲学者,読書は人に喜びを与え、輝きを与え、才能を与える。外国語での読書がもたらす恩恵。
125,🇷🇺,理想的书籍是智慧的钥匙,lǐ xiǎng de shū jí shì zhì huì de yào shi,レフ・トルストイ（Leo Tolstoy）露・文豪,理想的な書物は知恵の鍵である。良質なテキストや単語帳を選ぶことの重要性。
126,🇷🇺,没有智慧的头脑，就像没有蜡烛的灯笼,méi yǒu zhì huì de tóu nǎo ， jiù xiàng méi yǒu là zhú de dēng lóng,レフ・トルストイ（Leo Tolstoy）露・文豪,知恵のない頭脳は、ろうそくのない提灯のようなものだ。知識を蓄えることの必要性。
127,🇷🇺,如果学习只在于模仿，那么我们就不会有科学，也不会有技术,rú guǒ xué xí zhǐ zài yú mó fǎng ， nà me wǒ men jiù bú huì yǒu kē xué ， yě bú huì yǒu jì shù,マクシム・ゴーリキー（Maxim Gorky）露・文豪,学習が単なる模倣に過ぎないなら、科学も技術も存在しない。単語を覚えるだけでなく、自分で文を作る応用力。
128,🇬🇧,无知者比有知者更自信,wú zhī zhě bǐ yǒu zhī zhě gèng zì xìn,チャールズ・ダーウィン（Charles Darwin）英・生物学者,無知な者は、知恵ある者よりも自信に満ちている。学習を進めるほど自分の不足に気づき、謙虚になるべきだという教え。
129,🇫🇷,好奇心造就科学家和诗人,hào qí xīn zào jiù kē xué jiā hé shī rén,アナトール・フランス（Anatole France）仏・作家,好奇心が科学者と詩人を創る。言葉に対する好奇心が語学力を飛躍させる。
130,🇷🇺,读书是最好的学习。追随伟大人物的思想，是最富有趣味的一门科学,dú shū shì zuì hǎo de xué xí 。 zhuī suí wěi dà rén wù de sī xiǎng ， shì zuì fù yǒu qù wèi de yī mén kē xué,アレクサンドル・プーシキン（Alexander Pushkin）露・詩人,読書は最高の学習である。偉大な人物の思想を追うことは最も面白い。名言や文学を通じて言語を学ぶ楽しさ。
131,🇷🇺,科学的未来只能属于勤奋而谦虚的年轻一代,kē xué de wèi lái zhǐ néng shǔ yú qín fèn ér qiān xū de nián qīng yí dài,イワン・パブロフ（Ivan Pavlov）露・生理学者,科学の未来は、勤勉で謙虚な若い世代にのみ属する。語学学習においても勤勉さと謙虚さが不可欠。
132,🇺🇸,惊奇就是科学的种子,jīng qí jiù shì kē xué de zhǒng zi,トーマス・エジソン（Thomas Edison）米・発明家,驚きは科学の種である。新しい単語や表現に出会ったときの感動を大切にすること。
133,🇫🇷,"在科学上重要的是研究出来的""东西""，不是研究者""个人""","zài kē xué shàng zhòng yào de shì yán jiū chū lái de "" dōng xī ""， bú shì yán jiū zhě "" gè rén """,マリー・キュリー（Marie Curie）仏・物理学者・化学者,科学において重要なのは発見された「事柄」であり、研究者「個人」ではない。学習の成果そのものに集中すること。
134,🇬🇧,只有顺从自然，才能驾驭自然,zhǐ yǒu shùn cóng zì rán ， cái néng jià yù zì rán,フランシス・ベーコン（Francis Bacon）英・哲学者,自然に従ってこそ、自然を支配できる。言語の自然な法則（文法や語法）に逆らわず、素直に学ぶこと。
135,🇫🇷,科学的探讨和研究，其本身就含有至美，其本身给人的愉快就是酬报,kē xué de tàn tǎo hé yán jiū ， qí běn shēn jiù hán yǒu zhì měi ， qí běn shēn gěi rén de yú kuài jiù shì chóu bào,マリー・キュリー（Marie Curie）仏・物理学者・化学者,探求と研究そのものに美しさがあり、その喜び自体が報酬である。学ぶプロセス自体を楽しむこと。
136,🇩🇪,科学是永无止境的，它是一个永恒之谜,kē xué shì yǒng wú zhǐ jìng de ， tā shì yí gè yǒng héng zhī mí,アルベルト・アインシュタイン（Albert Einstein）独・物理学者,科学に終わりはなく、永遠の謎である。語学学習も一生続く探求の旅である。
137,🇷🇺,天才只意味着终身不懈的努力,tiān cái zhǐ yì wèi zhe zhōng shēn bù xiè de nǔ lì,ドミトリ・メンデレーエフ（Dmitri Mendeleev）露・化学者,天才とは、生涯にわたる絶え間ない努力を意味するに過ぎない。毎日の単語学習の積み重ねが天才を作る。
138,🇬🇧,我之所以能在科学上成功，最重要的一点就是对科学的热爱，坚持长期探索,wǒ zhī suǒ yǐ néng zài kē xué shàng chéng gōng ， zuì zhòng yào de yì diǎn jiù shì duì kē xué de rè ài ， jiān chí cháng qī tàn suǒ,チャールズ・ダーウィン（Charles Darwin）英・生物学者,成功できた最も重要な理由は、情熱と長期的な探求の継続である。語学も長期戦であることを覚悟する。
139,🇮🇹,真理终究是藏不住的…… 谬误总是带着面具,zhēn lǐ zhōng jiū shì cáng bú zhù de ……  miù wù zǒng shì dài zhe miàn jù,レオナルド・ダ・ヴィンチ（Leonardo da Vinci）伊・芸術家・科学者,真理は隠し通せない。誤りは常に仮面をかぶっている。正しい語法や発音を追求する姿勢。
140,🇮🇹,数学是一门美丽的语言学,shù xué shì yī mén měi lì de yǔ yán xué,レオナルド・ダ・ヴィンチ（Leonardo da Vinci）伊・芸術家・科学者,数学は美しい言語学である。言語にも数学のような論理的な美しさがあること。
141,🇬🇷,学习是灵魂的食物,xué xí shì líng hún de shí wù,ソクラテス（Socrates）古代ギリシャ・哲学者,学習は魂の食べ物である。新しい言葉を学ぶことで精神が豊かになる。
142,🇬🇷,我知道我一无所知,wǒ zhī dào wǒ yī wú suǒ zhī,ソクラテス（Socrates）古代ギリシャ・哲学者,私は自分が何も知らないということを知っている（無知の知）。学習における究極の謙虚さ。
143,🇬🇷,教育不是灌输，而是点燃火焰,jiào yù bú shì guàn shū ， ér shì diǎn rán huǒ yàn,ソクラテス（Socrates）古代ギリシャ・哲学者,教育とは知識を詰め込むことではなく、炎を点火することだ。自ら進んで学ぶ情熱を持つこと。
144,🇬🇷,未经反思的生活是不值得过的,wèi jīng fǎn sī de shēng huó shì bù zhí dé guò de,ソクラテス（Socrates）古代ギリシャ・哲学者,反省のない人生は生きる価値がない。自分の学習方法や進捗を常に振り返ること。
145,🇬🇷,智慧开始于惊奇,zhì huì kāi shǐ yú jīng qí,ソクラテス（Socrates）古代ギリシャ・哲学者,知恵は驚きから始まる。未知の言語や文化に対する驚きが学習の第一歩。
146,🇬🇷,良好的开端是成功的一半,liáng hǎo de kāi duān shì chéng gōng de yí bàn,プラトン（Plato）古代ギリシャ・哲学者,良い始まりは成功の半分である。学習の初期段階でしっかりとした基礎を築くことの重要性。
147,🇬🇷,知识是灵魂的指路明灯,zhī shí shì líng hún de zhǐ lù míng dēng,プラトン（Plato）古代ギリシャ・哲学者,知識は魂の道標である。語学力が人生の選択肢を広げてくれる。
148,🇬🇷,卓越不是一种行为，而是一种习惯,zhuó yuè bú shì yī zhǒng xíng wéi ， ér shì yī zhǒng xí guàn,アリストテレス（Aristotle）古代ギリシャ・哲学者,卓越性は単発の行動ではなく、習慣である。毎日の単語学習を習慣化することの重要性。
149,🇬🇷,教育的根是苦的，但其果实是甜的,jiào yù de gēn shì kǔ de ， dàn qí guǒ shí shì tián de,アリストテレス（Aristotle）古代ギリシャ・哲学者,教育の根は苦いが、その果実は甘い。単語の暗記は辛いが、自由に話せるようになった時の喜びは大きい。
150,🇬🇷,求知是人类的本性,qiú zhī shì rén lèi de běn xìng,アリストテレス（Aristotle）古代ギリシャ・哲学者,知を求めることは人間の本性である。新しい言葉を学びたいという自然な欲求を大切にすること。
151,🇬🇷,吾爱吾师，吾更爱真理,wú ài wú shī ， wú gèng ài zhēn lǐ,アリストテレス（Aristotle）古代ギリシャ・哲学者,私は師を愛するが、それ以上に真理を愛する。教えを鵜呑みにせず、自ら正しい語法を探求する姿勢。
152,🇬🇷,给我一个支点，我就能撬动地球,gěi wǒ yí gè zhī diǎn ， wǒ jiù néng qiào dòng dì qiú,アルキメデス（Archimedes）古代ギリシャ・数学者,支点を与えられれば、地球をも動かしてみせる。確固たる基礎（文法や基本単語）があれば、どんな高度な内容も理解できる。
153,🇬🇧,时间是检验真理的最好标准,shí jiān shì jiǎn yàn zhēn lǐ de zuì hǎo biāo zhǔn,フランシス・ベーコン（Francis Bacon）英・哲学者,時間は真理を検証する最高の基準である。長期間の学習を通じて、本当に役立つ知識が定着する。
154,🇬🇧,习惯是一种顽强而巨大的力量，它可以主宰人生,xí guàn shì yī zhǒng wán qiáng ér jù dà de lì liàng ， tā kě yǐ zhǔ zǎi rén shēng,フランシス・ベーコン（Francis Bacon）英・哲学者,習慣は強大で巨大な力であり、人生を支配する。語学学習を毎日の習慣にすることの絶大な効果。
155,🇬🇧,读书使人充实，讨论使人机智，笔记使人准确,dú shū shǐ rén chōng shí ， tǎo lùn shǐ rén jī zhì ， bǐ jì shǐ rén zhǔn què,フランシス・ベーコン（Francis Bacon）英・哲学者,読書は人を豊かにし、議論は人を機敏にし、メモは人を正確にする。読む・話す・書くのバランスの取れた学習法。
156,🇬🇧,知识本身并没有告诉人们怎样运用它，运用的方法乃在书本之外,zhī shí běn shēn bìng méi yǒu gào sù rén men zěn yàng yùn yòng tā ， yùn yòng de fāng fǎ nǎi zài shū běn zhī wài,フランシス・ベーコン（Francis Bacon）英・哲学者,知識自体はその使い方を教えてくれない。使い方は実践の中にある。単語を覚えるだけでなく、実際に使ってみること。
157,🇫🇷,我思故我在,wǒ sī gù wǒ zài,ルネ・デカルト（René Descartes）仏・哲学者・数学者,我思う、故に我在り。自ら考え、理解しながら学習を進めることの重要性。
158,🇫🇷,阅读一切好书如同和过去最杰出的人谈话,yuè dú yī qiè hǎo shū rú tóng hé guò qù zuì jié chū de rén tán huà,ルネ・デカルト（René Descartes）仏・哲学者・数学者,すべての良書を読むことは、過去の最も優れた人々と対話するようなものだ。外国語での読書の価値。
159,🇫🇷,人是一根能思想的苇草,rén shì yī gēn néng sī xiǎng de wěi cǎo,ブレーズ・パスカル（Blaise Pascal）仏・数学者・哲学者,人間は考える葦である。弱くても、思考する力によって偉大な学習成果を上げることができる。
160,🇫🇷,我们必须把我们的思想建立在坚实的基础上,wǒ men bì xū bǎ wǒ men de sī xiǎng jiàn lì zài jiān shí de jī chǔ shàng,ブレーズ・パスカル（Blaise Pascal）仏・数学者・哲学者,私たちは思考を強固な基礎の上に築かなければならない。語学における基礎文法と基本単語の重要性。
161,🇬🇧,知识是一座宝库，而实践就是开启宝库的钥匙,zhī shí shì yī zuò bǎo kù ， ér shí jiàn jiù shì kāi qǐ bǎo kù de yào shi,トーマス・フラー（Thomas Fuller）英・聖職者・作家,知識は宝庫であり、実践はその宝庫を開く鍵である。学んだ単語を実際の会話で使ってみること。
162,🇬🇧,天才就是无止境刻苦勤奋的能力,tiān cái jiù shì wú zhǐ jìng kè kǔ qín fèn de néng lì,トーマス・カーライル（Thomas Carlyle）英・歴史家・評論家,天才とは、無限に努力し続ける能力のことである。語学の才能とは、継続できる力そのものである。
163,🇷🇺,没有任何力量比知识更强大，用知识武装起来的人是不可战胜的,méi yǒu rèn hé lì liàng bǐ zhī shí gèng qiáng dà ， yòng zhī shí wǔ zhuāng qǐ lái de rén shì bù kě zhàn shèng de,マクシム・ゴーリキー（Maxim Gorky）露・文豪,知識より強力な力はない。知識で武装した人間は無敵である。語学力がもたらす自信と強さ。
164,🇷🇺,书籍是人类进步的阶梯,shū jí shì rén lèi jìn bù de jiē tī,マクシム・ゴーリキー（Maxim Gorky）露・文豪,書物は人類進歩の階段である。良質なテキストや本を通じて語学力を高めていくこと。
165,🇷🇺,天才，就其本质而论，只不过是对事业、对工作过程的热爱而已,tiān cái ， jiù qí běn zhì ér lùn ， zhǐ bù guò shì duì shì yè 、 duì gōng zuò guò chéng de rè ài ér yǐ,マクシム・ゴーリキー（Maxim Gorky）露・文豪,天才の本質は、仕事やプロセスに対する愛に過ぎない。語学学習そのものを愛することが上達の近道。
166,🇷🇺,人的天才只是火花，要想使它成熊熊火焰，那就只有学习！学习！,rén de tiān cái zhǐ shì huǒ huā ， yào xiǎng shǐ tā chéng xióng xióng huǒ yàn ， nà jiù zhǐ yǒu xué xí ！ xué xí ！,マクシム・ゴーリキー（Maxim Gorky）露・文豪,人間の才能は火花に過ぎない。それを燃え盛る炎にするには、ただ学ぶことだ！
167,🇩🇪,生活就像海洋，只有意志坚强的人，才能到达彼岸,shēng huó jiù xiàng hǎi yáng ， zhǐ yǒu yì zhì jiān qiáng de rén ， cái néng dào dá bǐ àn,カール・マルクス（Karl Marx）独・哲学者・経済学者,人生は海のようなものだ。意志の強い者だけが対岸にたどり着ける。語学学習の困難を乗り越える強い意志。
168,🇩🇪,在科学上没有平坦的大道，只有不畏劳苦沿着陡峭山路攀登的人，才有希望达到光辉的顶点,zài kē xué shàng méi yǒu píng tǎn de dà dào ， zhǐ yǒu bù wèi láo kǔ yán zhe dǒu qiào shān lù pān dēng de rén ， cái yǒu xī wàng dá dào guāng huī de dǐng diǎn,カール・マルクス（Karl Marx）独・哲学者・経済学者,科学に平坦な道はない。険しい山道を苦労を恐れず登る者だけが、輝かしい頂上に到達できる。
169,🇩🇪,任何时候我也不会满足，越是多读书，就越是深刻地感到不满足，越感到自己知识贫乏,rèn hé shí hòu wǒ yě bú huì mǎn zú ， yuè shì duō dú shū ， jiù yuè shì shēn kè dì gǎn dào bù mǎn zú ， yuè gǎn dào zì jǐ zhī shí pín fá,カール・マルクス（Karl Marx）独・哲学者・経済学者,私は決して満足しない。本を読めば読むほど、自分の知識の乏しさを痛感する。常に向上心を持つこと。
170,🇫🇷,最困难的时候，也就是离成功不远的时候,zuì kùn nán de shí hòu ， yě jiù shì lí chéng gōng bù yuǎn de shí hòu,ナポレオン・ボナパルト（Napoleon Bonaparte）仏・皇帝,最も困難な時こそ、成功から遠くない時である。学習の壁にぶつかった時こそ、ブレイクスルーの直前である。
171,🇫🇷,不可能只是一个大人物的观点，而不是一个事实,bù kě néng zhǐ shì yí gè dà rén wù de guān diǎn ， ér bú shì yí gè shì shí,ナポレオン・ボナパルト（Napoleon Bonaparte）仏・皇帝,「不可能」とは偉大な人物の意見に過ぎず、事実ではない。語学習得を「不可能」と思わず挑戦すること。
172,🇫🇷,胜利属于最坚持不懈的人,shèng lì shǔ yú zuì jiān chí bù xiè de rén,ナポレオン・ボナパルト（Napoleon Bonaparte）仏・皇帝,勝利は最も粘り強い者に属する。語学学習においても、最後まで諦めない者が習得できる。
173,🇩🇪,幻想是诗人的翅膀，假设是科学家的天梯,huàn xiǎng shì shī rén de chì bǎng ， jiǎ shè shì kē xué jiā de tiān tī,ヨハン・ヴォルフガング・フォン・ゲーテ（Johann Wolfgang von Goethe）独・文豪,幻想は詩人の翼であり、仮説は科学者の梯子である。言語学習においても想像力と仮説思考が大切。
174,🇩🇪,就科学来讲，把前人获得的零星的真理找出来进一步加以发展，就是当之无愧理应受到奖赏的功劳,jiù kē xué lái jiǎng ， bǎ qián rén huò dé de líng xīng de zhēn lǐ zhǎo chū lái jìn yí bù jiā yǐ fā zhǎn ， jiù shì dāng zhī wú kuì lǐ yīng shòu dào jiǎng shǎng de gōng láo,ヨハン・ヴォルフガング・フォン・ゲーテ（Johann Wolfgang von Goethe）独・文豪,先人の知識を発展させることが功績である。既存の辞書や教材を活用して自分の語学力を高めること。
175,🇩🇪,经验是知识的唯一来源,jīng yàn shì zhī shí de wéi yī lái yuán,アルベルト・アインシュタイン（Albert Einstein）独・物理学者,経験こそが知識の唯一の源である。実際に外国語を使ってコミュニケーションする経験の重要性。
176,🇩🇪,什么叫疯子，就是重复做同样的事情还期待会出现不同的结果,shén me jiào fēng zi ， jiù shì chóng fù zuò tóng yàng de shì qíng hái qī dài huì chū xiàn bù tóng de jié guǒ,アルベルト・アインシュタイン（Albert Einstein）独・物理学者,狂気とは、同じことを繰り返しながら違う結果を期待することだ。学習方法がうまくいかない時は、やり方を変えるべきだという教え。
177,🇩🇪,并不是我聪明，只是我和问题相处较久,bìng bú shì wǒ cōng míng ， zhǐ shì wǒ hé wèn tí xiāng chǔ jiào jiǔ,アルベルト・アインシュタイン（Albert Einstein）独・物理学者,私が賢いわけではない。ただ、問題と長く付き合っているだけだ。難しい文法や単語も、時間をかければ必ず理解できる。
178,🇩🇪,"知识指的是""知道某件事""，而智慧则是""理解事情的道理，并适当处理的能力""","zhī shí zhǐ de shì "" zhī dào mǒu jiàn shì ""， ér zhì huì zé shì "" lǐ jiě shì qíng de dào lǐ ， bìng shì dàng chǔ lǐ de néng lì """,アルベルト・アインシュタイン（Albert Einstein）独・物理学者,知識とは知っていること、知恵とは道理を理解し適切に処理する能力。単語を知っているだけでなく、適切に使えるようになること。
179,🇩🇪,科学是非常爱妒忌的，科学只把最高的恩典赐给专心致志地献身于科学的人,kē xué shì fēi cháng ài dù jì de ， kē xué zhǐ bǎ zuì gāo de ēn diǎn cì gěi zhuān xīn zhì zhì dì xiàn shēn yú kē xué de rén,ルートヴィヒ・フォイエルバッハ（Ludwig Feuerbach）独・哲学者,科学は非常に嫉妬深い。専心して身を捧げる者にのみ最高の恩恵を与える。語学も集中して取り組む必要がある。
180,🇷🇺,科学需要一个人贡献出双重的精力,kē xué xū yào yí gè rén gòng xiàn chū shuāng chóng de jīng lì,イワン・パブロフ（Ivan Pavlov）露・生理学者,科学は二重のエネルギーを要求する。語学学習にも多大なエネルギーと情熱が必要である。
181,🇬🇧,"我坚持奋战五十余年，致力于科学的发展。用一个词可以道出我最艰辛的工作特点，这个词就是""失败""","wǒ jiān chí fèn zhàn wǔ shí yú nián ， zhì lì yú kē xué de fā zhǎn 。 yòng yí gè cí kě yǐ dào chū wǒ zuì jiān xīn de gōng zuò tè diǎn ， zhè ge cí jiù shì "" shī bài """,J.J.トムソン（J. J. Thomson）英・物理学者,私の最も困難な仕事の特徴は「失敗」という言葉で表せる。失敗を重ねながら言語を習得していく過程。
182,🇯🇵,科学的历史，从某种意义上说，就是错觉和失败的历史,kē xué de lì shǐ ， cóng mǒu zhǒng yì yì shàng shuō ， jiù shì cuò jué hé shī bài de lì shǐ,寺田寅彦（Torahiko Terada）日・物理学者・随筆家,科学の歴史は錯覚と失敗の歴史である。語学学習も間違いを繰り返しながら上達していく。
183,🇷🇺,应当热爱科学，因为人类没有什么力量是比科学更强大、更所向无敌的了,yīng dāng rè ài kē xué ， yīn wèi rén lèi méi yǒu shén me lì liàng shì bǐ kē xué gèng qiáng dà 、 gèng suǒ xiàng wú dí de le,マクシム・ゴーリキー（Maxim Gorky）露・文豪,科学（知識）を愛すべきだ。それより強力な力はない。語学力という強力な武器を身につけること。
184,🇷🇺,学习永远不晚,xué xí yǒng yuǎn bù wǎn,マクシム・ゴーリキー（Maxim Gorky）露・文豪,学ぶのに遅すぎることはない。何歳からでも新しい言語の学習は始められる。
185,🇷🇺,人的天才只是火花，要想使它成熊熊火焰，那就只有学习！,rén de tiān cái zhǐ shì huǒ huā ， yào xiǎng shǐ tā chéng xióng xióng huǒ yàn ， nà jiù zhǐ yǒu xué xí ！,マクシム・ゴーリキー（Maxim Gorky）露・文豪,人間の才能は火花に過ぎない。それを燃え盛る炎にするには、ただ学ぶことだ。
186,🇫🇷,我思故我在,wǒ sī gù wǒ zài,ルネ・デカルト（René Descartes）仏・哲学者,我思う、故に我在り。自ら考え、理解しながら学習を進めることの重要性。
187,🇬🇧,科学给人以确实性，也给人以力量,kē xué gěi rén yǐ què shí xìng ， yě gěi rén yǐ lì liàng,ウィリアム・ダンピア（William Dampier）英・探検家・科学者,科学は人に確実性を与え、力を与える。確かな語学力は、コミュニケーションにおける大きな力となる。
188,🇬🇧,成功的科学家往往是兴趣广泛的人,chéng gōng de kē xué jiā wǎng wǎng shì xìng qù guǎng fàn de rén,ウィリアム・ベヴァリッジ（William Beveridge）英・経済学者,成功した科学者は往々にして興味の幅が広い。語学学習においても、多様な分野への興味が語彙力を高める。
189,🇷🇺,科学给青年以营养，给老人以慰藉,kē xué gěi qīng nián yǐ yíng yǎng ， gěi lǎo rén yǐ wèi jiè,ミハイル・ロモノーソフ（Mikhail Lomonosov）露・科学者・詩人,科学（知識）は若者に栄養を与え、老人に慰めを与える。語学学習は生涯にわたって人を豊かにする。
190,🇸🇪,科学研究的进展及其日益扩充的领域将唤起我们的希望,kē xué yán jiū de jìn zhǎn jí qí rì yì kuò chōng de lǐng yù jiāng huàn qǐ wǒ men de xī wàng,アルフレッド・ノーベル（Alfred Nobel）スウェーデン・発明家,科学研究の進歩は私たちの希望を呼び覚ます。語学学習の進歩も、新たな可能性への希望を与えてくれる。
191,🇷🇺,人借助于科学，就可纠正自然界的缺陷,rén jiè zhù yú kē xué ， jiù kě jiū zhèng zì rán jiè de quē xiàn,イリヤ・メチニコフ（Ilya Mechnikov）露・生物学者,人間は科学（知識）によって自然の欠陥を修正できる。語学力によってコミュニケーションの壁を乗り越えること。
192,🇬🇧,成功的秘诀在于坚持自己的目标和信念,chéng gōng de mì jué zài yú jiān chí zì jǐ de mù biāo hé xìn niàn,ベンジャミン・ディズレーリ（Benjamin Disraeli）英・政治家,成功の秘訣は、自分の目標と信念を持ち続けることにある。語学学習の目標を明確に持ち続けること。
193,🇺🇸,一个人的成功，不是看他爬得有多高，而是看他跌倒之后能否重新站起来,yí gè rén de chéng gōng ， bú shì kàn tā pá dé yǒu duō gāo ， ér shì kàn tā diē dǎo zhī hòu néng fǒu chóng xīn zhàn qǐ lái,ヴィンス・ロンバルディ（Vince Lombardi）米・コーチ,人の成功は、どれだけ高く登ったかではなく、倒れた後に再び立ち上がれるかで測られる。学習の失敗からの立ち直り。
194,🇬🇧,语言是思想的外衣,yǔ yán shì sī xiǎng de wài yī,サミュエル・ジョンソン（Samuel Johnson）英・文学者,言語は思想の衣服である。豊かな語彙は、豊かな思想を表現する手段となる。
195,🇺🇸,一个人的成就取决于他如何利用时间,yí gè rén de chéng jiù qǔ jué yú tā rú hé lì yòng shí jiān,ベンジャミン・フランクリン（Benjamin Franklin）米・政治家・科学者,人の成就は、時間をどう活用するかにかかっている。語学学習においても、毎日の時間の使い方が重要。
196,🇺🇸,告诉我，我会忘记；教导我，我可能会记住；让我参与，我才能学会,gào sù wǒ ， wǒ huì wàng jì ； jiào dǎo wǒ ， wǒ kě néng huì jì zhù ； ràng wǒ cān yù ， wǒ cái néng xué huì,ベンジャミン・フランクリン（Benjamin Franklin）米・政治家・科学者,話して聞かせても忘れる。教えれば覚えるかもしれない。参加させれば学べる。実践的な語学学習の重要性。
197,🇺🇸,投资于知识，回报最丰厚,tóu zī yú zhī shí ， huí bào zuì fēng hòu,ベンジャミン・フランクリン（Benjamin Franklin）米・政治家・科学者,知識への投資が最も豊かなリターンをもたらす。語学学習への時間と労力の投資は最高の自己投資である。
198,🇷🇺,语言是人类最重要的交际工具,yǔ yán shì rén lèi zuì zhòng yào de jiāo jì gōng jù,ウラジーミル・レーニン（Vladimir Lenin）露・政治家,言語は人間の最も重要なコミュニケーションの道具である。語学力の習得が人間関係を豊かにする。
199,🇩🇪,科学是一种强有力的工具。怎样用它，究竟是给人带来幸福还是带来灾难，全取决于人自己，而不取决于工具,kē xué shì yī zhǒng qiáng yǒu lì de gōng jù 。 zěn yàng yòng tā ， jiū jìng shì gěi rén dài lái xìng fú hái shì dài lái zāi nàn ， quán qǔ jué yú rén zì jǐ ， ér bù qǔ jué yú gōng jù,アルベルト・アインシュタイン（Albert Einstein）独・物理学者,科学は強力な道具である。それをどう使うかは人間次第だ。語学力も使い方次第で人を幸せにも不幸にもできる。
200,🇮🇹,只有受过教育的人才是自由的,zhǐ yǒu shòu guò jiào yù de rén cái shì zì yóu de,エピクテトス（Epictetus）古代ローマ・哲学者,教育を受けた者だけが自由である。語学力を身につけることで、世界中どこでも自由に生きられる。
